ID,AMT,TIME,DV,CMT,MDV,RATE,BWT
1,4.02,0,0,1,1,0,79.6
1,0,0,0.74,1,0,0,79.6
1,0,0.25,2.84,1,0,0,79.6
1,0,0.57,6.57,1,0,0,79.6
1,0,1.12,10.5,1,0,0,79.6
1,0,2.02,9.66,1,0,0,79.6
1,0,3.82,8.58,1,0,0,79.6
1,0,5.1,8.36,1,0,0,79.6
1,0,7.03,7.47,1,0,0,79.6
1,0,9.05,6.89,1,0,0,79.6
1,0,12.12,5.94,1,0,0,79.6
1,0,24.37,3.28,1,0,0,79.6
2,4.4,0,0,1,1,0,72.4
2,0,0,0,1,0,0,72.4
2,0,0.27,1.72,1,0,0,72.4
2,0,0.52,7.91,1,0,0,72.4
2,0,1,8.31,1,0,0,72.4
2,0,1.92,8.33,1,0,0,72.4
2,0,3.5,6.85,1,0,0,72.4
2,0,5.02,6.08,1,0,0,72.4
2,0,7.03,5.4,1,0,0,72.4
2,0,9,4.55,1,0,0,72.4
2,0,12,3.01,1,0,0,72.4
2,0,24.3,0.9,1,0,0,72.4
3,4.53,0,0,1,1,0,70.5
3,0,0,0,1,0,0,70.5
3,0,0.27,4.4,1,0,0,70.5
3,0,0.58,6.9,1,0,0,70.5
3,0,1.02,8.2,1,0,0,70.5
3,0,2.02,7.8,1,0,0,70.5
3,0,3.62,7.5,1,0,0,70.5
3,0,5.08,6.2,1,0,0,70.5
3,0,7.07,5.3,1,0,0,70.5
3,0,9,4.9,1,0,0,70.5
3,0,12.15,3.7,1,0,0,70.5
3,0,24.17,1.05,1,0,0,70.5
4,4.4,0,0,1,1,0,72.7
4,0,0,0,1,0,0,72.7
4,0,0.35,1.89,1,0,0,72.7
4,0,0.6,4.6,1,0,0,72.7
4,0,1.07,8.6,1,0,0,72.7
4,0,2.13,8.38,1,0,0,72.7
4,0,3.5,7.54,1,0,0,72.7
4,0,5.02,6.88,1,0,0,72.7
4,0,7.02,5.78,1,0,0,72.7
4,0,9.02,5.33,1,0,0,72.7
4,0,11.98,4.19,1,0,0,72.7
4,0,24.65,1.15,1,0,0,72.7
5,5.86,0,0,1,1,0,54.6
5,0,0,0,1,0,0,54.6
5,0,0.3,2.02,1,0,0,54.6
5,0,0.52,5.63,1,0,0,54.6
5,0,1,11.4,1,0,0,54.6
5,0,2.02,9.33,1,0,0,54.6
5,0,3.5,8.74,1,0,0,54.6
5,0,5.02,7.56,1,0,0,54.6
5,0,7.02,7.09,1,0,0,54.6
5,0,9.1,5.9,1,0,0,54.6
5,0,12,4.37,1,0,0,54.6
5,0,24.35,1.57,1,0,0,54.6
6,4,0,0,1,1,0,80
6,0,0,0,1,0,0,80
6,0,0.27,1.29,1,0,0,80
6,0,0.58,3.08,1,0,0,80
6,0,1.15,6.44,1,0,0,80
6,0,2.03,6.32,1,0,0,80
6,0,3.57,5.53,1,0,0,80
6,0,5,4.94,1,0,0,80
6,0,7,4.02,1,0,0,80
6,0,9.22,3.46,1,0,0,80
6,0,12.1,2.78,1,0,0,80
6,0,23.85,0.92,1,0,0,80
7,4.95,0,0,1,1,0,64.6
7,0,0,0.15,1,0,0,64.6
7,0,0.25,0.85,1,0,0,64.6
7,0,0.5,2.35,1,0,0,64.6
7,0,1.02,5.02,1,0,0,64.6
7,0,2.02,6.58,1,0,0,64.6
7,0,3.48,7.09,1,0,0,64.6
7,0,5,6.66,1,0,0,64.6
7,0,6.98,5.25,1,0,0,64.6
7,0,9,4.39,1,0,0,64.6
7,0,12.05,3.53,1,0,0,64.6
7,0,24.22,1.15,1,0,0,64.6
8,4.53,0,0,1,1,0,70.5
8,0,0,0,1,0,0,70.5
8,0,0.25,3.05,1,0,0,70.5
8,0,0.52,3.05,1,0,0,70.5
8,0,0.98,7.31,1,0,0,70.5
8,0,2.02,7.56,1,0,0,70.5
8,0,3.53,6.59,1,0,0,70.5
8,0,5.05,5.88,1,0,0,70.5
8,0,7.15,4.73,1,0,0,70.5
8,0,9.07,4.57,1,0,0,70.5
8,0,12.1,3,1,0,0,70.5
8,0,24.12,1.25,1,0,0,70.5
9,3.1,0,0,1,1,0,86.4
9,0,0,0,1,0,0,86.4
9,0,0.3,7.37,1,0,0,86.4
9,0,0.63,9.03,1,0,0,86.4
9,0,1.05,7.14,1,0,0,86.4
9,0,2.02,6.33,1,0,0,86.4
9,0,3.53,5.66,1,0,0,86.4
9,0,5.02,5.67,1,0,0,86.4
9,0,7.17,4.24,1,0,0,86.4
9,0,8.8,4.11,1,0,0,86.4
9,0,11.6,3.16,1,0,0,86.4
9,0,24.43,1.12,1,0,0,86.4
10,5.5,0,0,1,1,0,58.2
10,0,0,0.24,1,0,0,58.2
10,0,0.37,2.89,1,0,0,58.2
10,0,0.77,5.22,1,0,0,58.2
10,0,1.02,6.41,1,0,0,58.2
10,0,2.05,7.83,1,0,0,58.2
10,0,3.55,10.21,1,0,0,58.2
10,0,5.05,9.18,1,0,0,58.2
10,0,7.08,8.02,1,0,0,58.2
10,0,9.38,7.14,1,0,0,58.2
10,0,12.1,5.68,1,0,0,58.2
10,0,23.7,2.42,1,0,0,58.2
11,4.92,0,0,1,1,0,65
11,0,0,0,1,0,0,65
11,0,0.25,4.86,1,0,0,65
11,0,0.5,7.24,1,0,0,65
11,0,0.98,8,1,0,0,65
11,0,1.98,6.81,1,0,0,65
11,0,3.6,5.87,1,0,0,65
11,0,5.02,5.22,1,0,0,65
11,0,7.03,4.45,1,0,0,65
11,0,9.03,3.62,1,0,0,65
11,0,12.12,2.69,1,0,0,65
11,0,24.08,0.86,1,0,0,65
12,5.3,0,0,1,1,0,60.5
12,0,0,0,1,0,0,60.5
12,0,0.25,1.25,1,0,0,60.5
12,0,0.5,3.96,1,0,0,60.5
12,0,1,7.82,1,0,0,60.5
12,0,2,9.72,1,0,0,60.5
12,0,3.52,9.75,1,0,0,60.5
12,0,5.07,8.57,1,0,0,60.5
12,0,7.07,6.59,1,0,0,60.5
12,0,9.03,6.11,1,0,0,60.5
12,0,12.05,4.57,1,0,0,60.5
12,0,24.15,1.17,1,0,0,60.5
